n_samples,n_water_only,n_non_water_only,mean_mse_global,median_mse_global,std_mse_global,p90_mse_global,mean_mae_global,median_mae_global,std_mae_global,p90_mae_global,mean_ssim_global,median_ssim_global,std_ssim_global,p90_ssim_global,mean_profile_pearson_centroid_to_end,median_profile_pearson_centroid_to_end,std_profile_pearson_centroid_to_end,p90_profile_pearson_centroid_to_end,mean_profile_mae_centroid_to_end,median_profile_mae_centroid_to_end,std_profile_mae_centroid_to_end,p90_profile_mae_centroid_to_end,mean_mse_brain,median_mse_brain,std_mse_brain,p90_mse_brain,mean_mae_brain,median_mae_brain,std_mae_brain,p90_mae_brain,mean_ssim_brain,median_ssim_brain,std_ssim_brain,p90_ssim_brain,mean_peak_abs_err_brain,median_peak_abs_err_brain,std_peak_abs_err_brain,p90_peak_abs_err_brain,mean_peak_rel_err_brain,median_peak_rel_err_brain,std_peak_rel_err_brain,p90_peak_rel_err_brain,mean_peak_loc_err_vox_brain,median_peak_loc_err_vox_brain,std_peak_loc_err_vox_brain,p90_peak_loc_err_vox_brain,mean_peak_loc_err_mm_brain,median_peak_loc_err_mm_brain,std_peak_loc_err_mm_brain,p90_peak_loc_err_mm_brain,mean_dice_focus_brain_thr20,median_dice_focus_brain_thr20,std_dice_focus_brain_thr20,p90_dice_focus_brain_thr20,mean_dice_focus_brain_thr30,median_dice_focus_brain_thr30,std_dice_focus_brain_thr30,p90_dice_focus_brain_thr30,mean_dice_focus_brain_thr50,median_dice_focus_brain_thr50,std_dice_focus_brain_thr50,p90_dice_focus_brain_thr50,mean_dice_focus_brain_thr70,median_dice_focus_brain_thr70,std_dice_focus_brain_thr70,p90_dice_focus_brain_thr70,mean_dice_focus_brain_thr90,median_dice_focus_brain_thr90,std_dice_focus_brain_thr90,p90_dice_focus_brain_thr90,checkpoint,epoch
100,10,90,0.0041289571067318,0.0039280033670365,0.0008693697834226,0.0054702970199286,0.0302977283857762,0.0299756797030568,0.0026436479781714,0.0341038923710584,0.7330676404729287,0.7341982820369893,0.0172450173740116,0.7527925673878962,0.9901486337202876,0.9936073508389474,0.0084398985010581,0.9966818436832888,0.1313872050907876,0.119909182190895,0.0456667469901857,0.1947880387306213,0.0084782471311175,0.0076825376600027,0.0027663371966305,0.0114938620477914,0.0577976247502697,0.0562244448810815,0.007426396038047,0.0670213535428047,0.7240701120268646,0.7275026007205421,0.0290407507835914,0.758012246372723,0.1529157161712646,0.1112985610961914,0.1305005941219564,0.3239760160446168,0.0402201098615998,0.0260730660424477,0.0388636482344748,0.0835809736602827,2.438674253364712,2.0,3.648071194690644,4.242640687119285,2.438674253364712,2.0,3.648071194690644,4.242640687119285,0.7450855389348241,0.7583673457467228,0.041153612699225,0.7907072276366766,0.7963928496710857,0.814869063939719,0.0605590696592885,0.8632400372477679,0.8655895271901931,0.8761288921569566,0.054462738438654,0.920498680236262,0.8551841365012346,0.8555377206913852,0.0598600482332267,0.9295573536226006,0.7599054584174709,0.7814122533021777,0.1063807317883712,0.882538699622704,best.pth,255
100,10,90,0.0093975474359467,0.0078482464887201,0.0057221503135479,0.0106585307046771,0.0418245816975832,0.0399263575673103,0.0079273761355283,0.045799782499671,0.6613754369316942,0.6594709031831981,0.021903372809022,0.6862097290451589,0.9821613141251362,0.9848393598249608,0.0093153468797318,0.9908983995063894,0.2687292840745714,0.2583540976047516,0.0851650000122864,0.3795623898506165,0.0159704913695653,0.0152762280777096,0.0041290734905324,0.0229396410286426,0.0775063108238909,0.0763061828911304,0.0093168677807808,0.0914482124149799,0.648042330696388,0.6519539092702795,0.0333995503692813,0.6894738320151361,0.5891953441831801,0.5441591739654541,0.347638661568428,1.0362473011016846,0.1368549219897686,0.1428448597771078,0.0714467037529074,0.2265933287879335,3.1183350490940103,2.724744871391589,3.4380853634015973,5.477225575051661,3.1183350490940103,2.724744871391589,3.4380853634015973,5.477225575051661,0.650529453188679,0.6532644719296723,0.0437491705320458,0.7058766430447323,0.6682926113720248,0.6727663142281196,0.0709960104652553,0.7521653796461071,0.7543171019908009,0.7568119947164762,0.0685560050444139,0.842555253162788,0.7310771144481576,0.7437465665516394,0.0907225347365179,0.8316903854872479,0.5687984747195791,0.5714362386872036,0.1384299720857051,0.7541271210191445,epoch_010.pth,10
100,10,90,0.0073470672871917,0.006145273335278,0.0039831380441165,0.0087624572217464,0.0377236100286245,0.036334229633212,0.0059475482590253,0.0414745323359967,0.6963566689351767,0.6932644560736678,0.0192365384051588,0.717610935647507,0.9851484501615972,0.9877445284779044,0.0088857364006816,0.9932392491538772,0.1830285457273324,0.1682583093643188,0.0512079640348973,0.2471975013613702,0.0140458592627611,0.013344463892281,0.003077864060968,0.0185270188376307,0.0748564380324549,0.0732423178851604,0.0084435887155695,0.0863864481449127,0.6397023682771137,0.6442012592804855,0.0338695674399819,0.6819832503467951,0.3042664130528767,0.2517852783203125,0.2244037605233436,0.5627476692199709,0.0785858980977476,0.0594976426778505,0.0626548581248742,0.1617485489999645,2.8879314149337865,2.23606797749979,3.5984359146061538,5.0990195135927845,2.8879314149337865,2.23606797749979,3.5984359146061538,5.0990195135927845,0.6554707688431928,0.6580091004489328,0.0351300938789216,0.6935468026094943,0.7463950840534376,0.7544662328473244,0.0551458177111159,0.8108076820703816,0.8030538487356549,0.805257352950304,0.0540180168155403,0.8672535545597279,0.7866802008866972,0.7981882687581721,0.0740298320716656,0.874234693862769,0.642143250831104,0.6638418078419128,0.1333474437022851,0.801481481413937,epoch_020.pth,20
100,10,90,0.0063955853227525,0.0055514595005661,0.0028202959144921,0.0079329815693199,0.0362176984548568,0.0351881440728902,0.0048744290113024,0.0401852257549762,0.7022412783249254,0.699452523878218,0.0203041199278749,0.729160926212048,0.9844025812261988,0.9883683308033318,0.0098892040596464,0.9930360577060964,0.23025723695755,0.2131867259740829,0.0689033346083957,0.3244858384132386,0.0119371810669286,0.0113759785890579,0.0028843280342165,0.0154746485874056,0.0699187251428763,0.0687540918588638,0.0065251759452447,0.079262088984251,0.6558871110260484,0.6604241682394417,0.0246377057866915,0.6852878987965741,0.3650892310672336,0.337165355682373,0.2285199623764548,0.725807571411133,0.0852005635522917,0.083811957683139,0.0476200297545208,0.1554245947530682,2.4643785058434617,1.4142135623730951,3.4390170950340955,4.242640687119285,2.4643785058434617,1.4142135623730951,3.4390170950340955,4.242640687119285,0.7222113009985737,0.728056463522099,0.0387700825270244,0.7643667516528945,0.7358104244246813,0.7400060935855628,0.0511359189138534,0.7974617296907819,0.7953467645487848,0.8051022776455367,0.0616712320258637,0.8708786786515211,0.7718062600331539,0.7713122612210246,0.076663352165584,0.8704160619097258,0.6289581182682815,0.6278221014513629,0.1327176395078534,0.8047458228832112,epoch_030.pth,30
100,10,90,0.0060499986866489,0.0054186615161597,0.002108506531204,0.0079205948393792,0.0349307483434677,0.0340947210788726,0.0039813973031496,0.0390944965183734,0.7120150752295048,0.709205370842166,0.0196806882873519,0.7308880428304241,0.9843861775599314,0.9870763997585328,0.0106306845642844,0.9940473344673676,0.1862971681687567,0.17616006731987,0.0470747358105346,0.2469353824853897,0.0126359294686052,0.0115732750855386,0.0034940393809767,0.0175856290385127,0.0675361391570833,0.0658368989825248,0.0083818443869867,0.0786821164190769,0.6803487392625378,0.6803409667204332,0.0316290538151209,0.7186291123394805,0.1801246749030219,0.1480871438980102,0.1424524505656869,0.379994821548462,0.0432571956067622,0.037099039434752,0.0319670593772211,0.0871196138794713,3.2006874699808137,2.449489742783178,3.4124021756523235,5.744562646538029,3.2006874699808137,2.449489742783178,3.4124021756523235,5.744562646538029,0.6722752935438289,0.6691458230323037,0.0412665881177268,0.7273190528591729,0.7303611080042571,0.7448212867230741,0.0585476371539288,0.8040136056606506,0.7818096291908165,0.7923964182892045,0.0721428730599276,0.8762466216263924,0.7408408616099796,0.7472015091284542,0.0941494707621621,0.8729308478131433,0.5517631840373677,0.5391713928145814,0.1647941389264512,0.7792344496798631,epoch_040.pth,40
100,10,90,0.0054596745804883,0.0050427026581019,0.0016988254222452,0.0070259654894471,0.0339108672179281,0.0337191969156265,0.0034441600484113,0.0375523779541254,0.7073981468863937,0.7024903897802643,0.0228400925825052,0.7324683770577463,0.9873277869853072,0.9898812126145432,0.0088423225316408,0.9949514101611316,0.1525729458365175,0.13924590498209,0.0413304625210811,0.2186597019433975,0.0110842798526088,0.0103661478497087,0.0036959896862654,0.0159292368218302,0.0645447656098339,0.0629556328058242,0.0098148159009149,0.0775259487330913,0.6983441417215237,0.702083680114332,0.0347677460609411,0.7383115522764109,0.1787411875194973,0.1777554750442505,0.1152062497589137,0.3155203819274902,0.0439239235911909,0.042921374656088,0.0274182280971054,0.0775625668345314,2.6618701648573904,2.118033988749895,3.5905744670205446,4.898979485566356,2.6618701648573904,2.118033988749895,3.5905744670205446,4.898979485566356,0.7246161323576933,0.7244439443910142,0.0513580518958918,0.7955803861385001,0.7739536153023414,0.7781516724044282,0.0546634722902864,0.8404392319326515,0.8346673294761994,0.8417687272084964,0.0526807064718561,0.9006246385144789,0.818754754967578,0.8264379539506648,0.0640965869898108,0.8988463235413154,0.7014094920192965,0.7052139036736256,0.1140023940387978,0.8336363635394747,epoch_050.pth,50
100,10,90,0.0055063635064288,0.0051847107242792,0.0014282672819146,0.0071849232539534,0.0345472418516874,0.034240934997797,0.003078043371568,0.0382612124085426,0.7023482815939647,0.7003727696331321,0.0227618360037184,0.7249557651577665,0.9876239454780188,0.9907909276336913,0.0090765095064943,0.9948875091683111,0.1553161210483974,0.1462955027818679,0.047373892595852,0.2208608195185661,0.0111278264421141,0.0100098359398543,0.003185467438818,0.0155158306472003,0.0651942230761051,0.0629253610968589,0.008999012051457,0.0784480966627597,0.7009212064108378,0.706705978174208,0.0355370763855405,0.7466801996586394,0.2104348553551568,0.1874926090240478,0.1522882212608708,0.4131052494049072,0.0549431693232889,0.0448897678810256,0.0446025475252954,0.1220629813676595,2.481713802683415,1.7320508075688772,3.81327898291885,4.493963935481967,2.481713802683415,1.7320508075688772,3.81327898291885,4.493963935481967,0.6739365245995643,0.6763369268596756,0.040719600255315,0.72204471514917,0.7611866521760015,0.7640076192411397,0.0631626785761979,0.8353172362745671,0.8338086648079921,0.8459397438683958,0.0602693050357362,0.9055437483677216,0.8178713429211913,0.8251446742540496,0.069071842133577,0.905046240570524,0.7166607896006395,0.7415966385750036,0.1178850000837899,0.8667469878546892,epoch_060.pth,60
100,10,90,0.0056231528241187,0.005246136104688,0.0015192270390396,0.0070196690969169,0.0348928955011069,0.0346490703523159,0.0032718725543457,0.0384453304111957,0.7001791399996773,0.6985511291281288,0.018980287172003,0.7274306098078345,0.9865667823896904,0.9897341226971896,0.0099737544216927,0.9944750346289468,0.1545099212063683,0.1391585618257522,0.0450641545674003,0.2182757258415224,0.010593640188583,0.0096822772175073,0.0030985927393469,0.0156534923240542,0.0644353806558582,0.063198372721672,0.0080044618776523,0.0757373839616775,0.693905011946821,0.7005080449584038,0.036866399555356,0.7347982158030072,0.1662834776772393,0.1503450870513916,0.118265296446162,0.3275760412216187,0.0412620688812227,0.0351400129315502,0.0305323285542817,0.0801012594290187,2.5267239403319213,2.118033988749895,3.4454639288358666,4.276634187902944,2.5267239403319213,2.118033988749895,3.4454639288358666,4.276634187902944,0.7162647190037761,0.7300223094624319,0.0397426441525985,0.7565137705488526,0.7829452193355105,0.7866861270504113,0.0584994833061131,0.8508608007663215,0.8442293608277702,0.8504483776867484,0.0515758552822145,0.906947462283322,0.8221817006840497,0.8279992828028434,0.0643152939143038,0.9003328050543069,0.7036152958467713,0.7122830439891112,0.1176990039112297,0.8463414633423559,epoch_070.pth,70
100,10,90,0.0050682170735672,0.0047895049210637,0.0013641617106283,0.0067658411804586,0.0330623715743422,0.0327054504305124,0.0032829571348717,0.0368660554289817,0.7137031863409359,0.711714443937132,0.0189233666014119,0.7397742241755637,0.9874404554643048,0.9907246132551104,0.008396777458364,0.9945710432913304,0.1560047284596496,0.1493420153856277,0.0421227066199898,0.213569438457489,0.0096577648797796,0.0084660477004945,0.0033119179462805,0.0145034730434417,0.0602863401174545,0.0582996625453233,0.00843561341096,0.0724658377468586,0.7151813087458911,0.7214926273720758,0.0345555491598446,0.7545204545866233,0.1844683382246229,0.1402549743652343,0.1544041131924699,0.3855283498764043,0.0472246881266509,0.0354209239847442,0.0425837384142688,0.1093027879043523,2.50483196040213,1.7320508075688772,3.4774248398512784,4.918983488369,2.50483196040213,1.7320508075688772,3.4774248398512784,4.918983488369,0.7100066240934909,0.7189331658711149,0.0428207612558018,0.7584167760447599,0.794465767922935,0.8092371466279777,0.0572855652689048,0.8614450529789512,0.8603385276983314,0.8757960388061383,0.0526620678218622,0.9165102763943124,0.8426242267087769,0.859527038808437,0.0606253192019507,0.9052256065094838,0.7320174350954675,0.7522151649925504,0.107030458492656,0.8543865842070748,epoch_080.pth,80
100,10,90,0.0050643787090666,0.0047459865454584,0.0013257947439411,0.0067666492424905,0.0330185003764927,0.0328634437173604,0.0031172449856834,0.0367934912443161,0.7168627025483082,0.7171277921446442,0.0206046502134546,0.7456557928603947,0.9892732328419276,0.9918951254560586,0.0071832514525307,0.995570687383554,0.1708811084429423,0.1669147908687591,0.0448009692840889,0.2313374012708664,0.0101750614535477,0.0089998506009578,0.0036080781214482,0.0157849017530679,0.0615142426557011,0.0595807507634162,0.0101294693405358,0.0742882527410984,0.724145687885686,0.7294634465028522,0.0374319493161912,0.768193949786612,0.2767126427756415,0.2807821035385132,0.1511080577206988,0.4616218090057373,0.0663978253225987,0.0674372812552796,0.0339076531479622,0.1095645476700654,2.626170768222311,2.23606797749979,3.830129731849994,4.898979485566356,2.626170768222311,2.23606797749979,3.830129731849994,4.898979485566356,0.7219235638747624,0.7262095927699881,0.0390540459535471,0.7701638931346689,0.7733717819886952,0.7805551189495425,0.0579242420146582,0.8387544365880493,0.8481119626965116,0.8547497446331576,0.0497370463107315,0.9074947007599964,0.833092016388394,0.8320067534834447,0.0589006304179706,0.907125307111255,0.7117323787408422,0.7184466018719955,0.110044366229187,0.8381566819467947,epoch_090.pth,90
100,10,90,0.0048316139285452,0.004529622150585,0.0011806296225179,0.0067218398675322,0.0322249231487512,0.0319438558071851,0.0029702072504775,0.036186383664608,0.7217364522964034,0.7222705196035129,0.0159618701445551,0.7429891841725139,0.989337342086266,0.9919012165927,0.0079216648308671,0.9959419229973494,0.1423730404012733,0.132192812860012,0.041128723108413,0.1969252720475197,0.0094121778746032,0.0087891495786607,0.0029581411346923,0.0133035237900912,0.0599072030021084,0.058576675131917,0.0080112772536808,0.0713094927370548,0.718534689762227,0.7208041258233178,0.035248550858535,0.7584454376228522,0.1502810743119981,0.1132912635803222,0.1303613943502207,0.3076951742172241,0.0380038869325597,0.026154207765352,0.0343888269246929,0.0862178510622956,2.2559868980509816,1.4142135623730951,3.7087690087503096,4.135059131767824,2.2559868980509816,1.4142135623730951,3.7087690087503096,4.135059131767824,0.7220370815378776,0.7290056561580134,0.0441413467431849,0.7725529734938487,0.7866683344555767,0.7990915402959009,0.0561763627377686,0.8516943015448004,0.8535262987076787,0.8579025696074547,0.05173801214356,0.910289010873715,0.8354447113428943,0.8449233545874748,0.060915893635092,0.9069090908916696,0.7194063205401829,0.7211208539125114,0.1126292928184389,0.8580952380276065,epoch_100.pth,100
100,10,90,0.0049214736721478,0.0045833836775273,0.001275812045702,0.0064278618432581,0.0322538485564291,0.0319053456187248,0.0031216844269602,0.036823371052742,0.7242475735304841,0.7226399202766858,0.0178968503869915,0.747809955511999,0.98812855488675,0.9905928604524364,0.0080459770562499,0.9951695959559548,0.1484050532182057,0.1388255357742309,0.0362925772942636,0.2078572034835815,0.0100916152250849,0.0090678851120173,0.003318176362267,0.0152197359129786,0.0612041057397921,0.0593230109661817,0.0086876826804714,0.0720190875232219,0.7178728827571864,0.723773028376161,0.0306733425454672,0.7518107077969002,0.1514004309972127,0.1369174718856811,0.1207447912215951,0.3382708549499512,0.0391484157670972,0.0317265595594726,0.0336301274542896,0.0982346773154789,2.493289016976404,2.23606797749979,3.6946145325989694,4.58257569495584,2.493289016976404,2.23606797749979,3.6946145325989694,4.58257569495584,0.7028424419180508,0.7132413735806871,0.0443730108536796,0.7499003422220977,0.7778146234960746,0.7942964731329887,0.0554769177296343,0.8423544343438234,0.8414206270696648,0.8436540460586895,0.0508422358638505,0.9026206951090782,0.8242052548495906,0.8304597701010026,0.0650886759548182,0.90506853962606,0.7002792840281907,0.7165903889393566,0.1232425222409884,0.8550558212941528,epoch_110.pth,110
100,10,90,0.004720107242465,0.0045290000271052,0.0010653704186658,0.0064153767190873,0.032253906968981,0.0320089366286993,0.0029972040329441,0.036393604800105,0.7208459897030468,0.7207963972236011,0.0175124252580497,0.7416853367279262,0.9887258130079424,0.9919286067450076,0.0085426894138407,0.9954754799855278,0.1425604579349358,0.1341833621263504,0.0422622414049822,0.1970340400934221,0.0094923866809242,0.0087450123392045,0.00306771155559,0.0135151108726859,0.0607387137081888,0.0589749906212091,0.0083052006120968,0.074076972156763,0.7179714965069948,0.7214932095086322,0.0327863755293826,0.7561489896798395,0.1303639676835802,0.0977709293365478,0.1199091752313082,0.3050910711288452,0.0335326320936959,0.0222576094948257,0.0333498148143744,0.0773298705878516,2.3952577586720216,2.23606797749979,3.682762586635404,4.123105625617661,2.3952577586720216,2.23606797749979,3.682762586635404,4.123105625617661,0.7316314070975627,0.738877646182423,0.0358001393897766,0.772982935867155,0.7793260516807139,0.7905092153417909,0.0580776296615457,0.8445527403269175,0.8618665875375533,0.8706936256399413,0.0486195908126613,0.9146218487338944,0.8480212568411876,0.8547078275083755,0.0566291301915865,0.9131867156428668,0.7517058188087142,0.7732353879750797,0.1059752830125051,0.8830065358632735,epoch_120.pth,120
100,10,90,0.0046573574608191,0.0044293992687016,0.0010516016379236,0.0063320808112621,0.0319918004609644,0.0315441749989986,0.0027855939297348,0.0360955759882926,0.7218801914942503,0.7223780477569068,0.0156093930643874,0.7413936947371621,0.9883017443335352,0.9919752296449516,0.0091160090899974,0.9956181886812576,0.1449915991061263,0.1342540234327316,0.0437341527725259,0.2064657837152482,0.0093051999289956,0.0081843882799148,0.003038943286311,0.0132766673341393,0.0599845044728782,0.0579732004553079,0.0079333056039558,0.0702033504843712,0.719239695355381,0.7183647466332674,0.0301075348666063,0.7524975874707295,0.1408602899975246,0.1131653785705566,0.1139204483984551,0.2918182611465454,0.035799768620706,0.0257909835830179,0.0309839021524968,0.0760473295521903,2.3211177327368406,1.7320508075688772,3.684980208554893,4.58257569495584,2.3211177327368406,1.7320508075688772,3.684980208554893,4.58257569495584,0.7319060611263722,0.7425035669198005,0.0487821594472822,0.7877763012218314,0.7891711910043556,0.7991462238850371,0.0592905548432461,0.8582933466511493,0.8564288464792672,0.8619922983506683,0.0507633142705191,0.9148504098774248,0.841611987542205,0.8519767992273037,0.06444862562961,0.9169990997883062,0.7443198047163662,0.7458138698612922,0.1101891918475334,0.8854309888223058,epoch_130.pth,130
100,10,90,0.0047059821430593,0.0044316472485661,0.0011827670630603,0.0062938773073256,0.0319665069133043,0.0314867012202739,0.0030704281236414,0.0360738653689622,0.7241211411726932,0.7244429450639344,0.0150008310798083,0.7417405922906725,0.9903210370393876,0.9926308292985028,0.0066164937384151,0.9961860131800164,0.1402800844775306,0.132726714015007,0.0377560633179029,0.1950101315975189,0.0093822446806977,0.0084335142746567,0.0028097143677072,0.0132240252569317,0.0599069129261705,0.0575995612889528,0.0076423179001623,0.070624079555273,0.7234876940683227,0.7253663615599057,0.0300668880157561,0.7579297548065229,0.1506012916564941,0.1201012134552002,0.1323500606165255,0.3369627237319946,0.0366821637182106,0.0280441348415215,0.031944492781281,0.0837492205083383,2.3617254923058657,1.7320508075688772,3.9285320171921376,4.276634187902944,2.3617254923058657,1.7320508075688772,3.9285320171921376,4.276634187902944,0.7197442253775399,0.725099561286564,0.0386614403831594,0.7613899881976111,0.7822429413798244,0.7943141657413386,0.0569987174819346,0.8458168584512099,0.8642363683382724,0.8711080743409686,0.0449519301832893,0.9165121292533044,0.8562914867512016,0.8675500503936308,0.0510715715733941,0.91536732152934,0.765071616991287,0.7815482501908512,0.0952315057949728,0.8716584157561323,epoch_140.pth,140
100,10,90,0.0045850885799154,0.0042804491240531,0.0011833230225773,0.0063298907130956,0.031637869272381,0.0313310083001852,0.0029474105345317,0.0355853728950023,0.721789843632271,0.7197158044518157,0.0162243584984244,0.7403830083869355,0.989628096517753,0.9919496292596344,0.0072562114942647,0.995876963832735,0.1573254221843348,0.1551219373941421,0.0370975572547805,0.1984838083386421,0.0092804132702036,0.0083330222405493,0.0030818965916777,0.0134648578241467,0.0594590683364205,0.0571232736110687,0.0084329760660176,0.0715793766081333,0.717434274107902,0.7202463527949312,0.0325628750411916,0.7530900278233879,0.232988527086046,0.2139147520065307,0.139070099579267,0.416993808746338,0.055128684079207,0.0541989319829468,0.0291852596657942,0.1008443868648461,2.454272307673366,1.8660254037844384,3.7799019234497018,4.58257569495584,2.454272307673366,1.8660254037844384,3.7799019234497018,4.58257569495584,0.7378205970217985,0.7434746018245078,0.0421699919245197,0.7870497993160736,0.7932788427992942,0.8041311299245044,0.0552553074134053,0.8558383392463664,0.8637767608663338,0.8733146550168529,0.0485848282202236,0.9159103372917152,0.8526696522143594,0.8650693968534461,0.0586175651001244,0.9212070899788628,0.7505901640266226,0.7593821509485075,0.1057609657813022,0.8750441305402326,epoch_150.pth,150
100,10,90,0.0048649949510581,0.0046292161568999,0.0009634779278384,0.0063505548518151,0.0330750807747244,0.0327387247234582,0.0028226325166993,0.0370415940880775,0.7122074441322654,0.7093593942742533,0.016079904327815,0.7340127635808241,0.9898764636563674,0.9926689766417196,0.0073476990897163,0.9964460375119554,0.1396145739489131,0.1328759938478469,0.044774085990519,0.2030414670705795,0.0113298597228195,0.010888370219618,0.002597019327838,0.014996276423335,0.067194323738416,0.0660250373184681,0.0070356552203641,0.0763623900711536,0.6968810780317922,0.6996774303751319,0.0292777386586767,0.734121359234263,0.1452414194742838,0.1194392442703247,0.1307109619665267,0.3461471796035766,0.0368224174176053,0.0300253317633752,0.0352391958915808,0.0900837363643488,2.288841404861064,1.7320508075688772,3.748345489983884,4.135059131767824,2.288841404861064,1.7320508075688772,3.748345489983884,4.135059131767824,0.7104527111719631,0.7112560845741663,0.0423976253403831,0.7647832290226875,0.7768710500276452,0.7903912361162522,0.0609941845323262,0.8477150743792716,0.8517122063713921,0.8602419005010475,0.0500940577187801,0.90566126666421,0.8416767035336864,0.8519818730968276,0.0585383715863399,0.9095140855202796,0.7450864676700402,0.757422969098033,0.1075016282474948,0.8697374084467816,epoch_160.pth,160
100,10,90,0.0044793345895595,0.0042873346246778,0.0008855326985377,0.0057236647699028,0.0315831343643367,0.0314940698444843,0.002607748595353,0.035158360376954,0.7235656215217822,0.7211534072142585,0.0161962381120854,0.7433738562051799,0.9887286403545832,0.9920494380533056,0.0087745484885389,0.9962266794234392,0.1410894745753871,0.1327160075306892,0.0397879239700253,0.1983096659183502,0.0091463912795815,0.0082284435629844,0.0029116909801522,0.0130185851827263,0.0593357001327806,0.0570041202008724,0.0079217636463615,0.0696456909179687,0.7110632867858102,0.7161462179925989,0.032945927140596,0.7495464223739021,0.1332847197850545,0.1224139928817749,0.0984966955729288,0.2583480834960938,0.033253040394571,0.0301026009952217,0.0251459645740082,0.0693135598728357,2.496819591315599,2.23606797749979,3.757851445171584,4.276634187902944,2.496819591315599,2.23606797749979,3.757851445171584,4.276634187902944,0.740232392033849,0.747953772458775,0.0413016613146027,0.7901118478052982,0.7966928643461053,0.803110692825665,0.058848931806237,0.8648040954348443,0.8486618886043936,0.8561471901941793,0.054749684626727,0.9135186338444696,0.8330431953208348,0.8442093119387204,0.0659730926970512,0.9100936371770382,0.7173179430099493,0.7370886075114699,0.1232001798933386,0.8571428570712285,epoch_170.pth,170
100,10,90,0.004956648023799,0.004691653419286,0.0012892766730077,0.0063989055342972,0.0324337204732,0.0320441294461488,0.003203664026783,0.0364510376006364,0.7237823553615006,0.7221347248122247,0.0149558985967327,0.7434549834571766,0.9897250057921396,0.9922729717983004,0.0074173677814676,0.9960890363678652,0.1383714984688493,0.1303377971053123,0.0383748160703398,0.1940284177660942,0.0096598065665198,0.0090299155563116,0.0024787207132746,0.0126859960146248,0.0612237949752145,0.0598278641700744,0.0068193285711325,0.0711816541850566,0.7122635887952339,0.7145395934033102,0.0282750721304014,0.7441991660741945,0.1330259720484415,0.1197961568832397,0.1051489611664787,0.2339766740798951,0.033080821638703,0.0280891985124045,0.0258549449014524,0.0606797718979698,2.4502492332610566,1.7320508075688772,3.7589376196256494,4.135059131767824,2.4502492332610566,1.7320508075688772,3.7589376196256494,4.135059131767824,0.7311871011214125,0.7374329838734481,0.0407735121725435,0.7756593795582072,0.7864146255584793,0.7852086477155763,0.0589240893186306,0.8620782909807939,0.8535048108202075,0.8548619300317819,0.0495298232151469,0.9123242922826602,0.841823356973631,0.8480876472444661,0.0564235423247021,0.908817765694222,0.7430541142299804,0.7554347825282817,0.0963116564885011,0.8525751656896715,epoch_180.pth,180
100,10,90,0.0044527056394144,0.0043255188502371,0.0009144089337881,0.0058510966598987,0.0312663922458887,0.0313104335218668,0.0026151339608156,0.0345986425876617,0.7284915557822943,0.7286072381508191,0.018975480338632,0.7531730900185394,0.9899274570627112,0.992645650588206,0.0083341988832333,0.9962859259582776,0.1363835555811723,0.1281946301460266,0.0407237182283077,0.1999702513217926,0.0095161020859248,0.0088645317591726,0.0027798550018531,0.0134405362419784,0.060953692636556,0.0584237985312938,0.0074829118276087,0.0712905906140804,0.7085067965872397,0.7128332062942248,0.0272442580411318,0.7412165358126178,0.1210275808970133,0.099601149559021,0.0949813929266135,0.2525436639785767,0.0307189303827703,0.0230836107433719,0.0265915811085781,0.0629859413334999,2.4897562283627983,2.118033988749895,3.789019593362406,4.276634187902944,2.4897562283627983,2.118033988749895,3.789019593362406,4.276634187902944,0.7112861094031889,0.7187771618248326,0.0427017936222686,0.7572191936608091,0.783308091555276,0.7978913545777131,0.0600219864958245,0.8478560856663326,0.8543508308661537,0.8654108057098591,0.0557351329186634,0.9114116763923594,0.8445423798986156,0.8551124949603668,0.0595540395801114,0.9128785361661028,0.7517919231766448,0.7574616052346121,0.1038454701059173,0.8791208790242725,epoch_190.pth,190
100,10,90,0.0044783501676283,0.0043096393346786,0.0008719773338779,0.0057609085459262,0.0313165748119354,0.0310515761375427,0.0027861475431114,0.035353360697627,0.7307926203513424,0.7284115438439118,0.0158009770779165,0.7513250648642403,0.989694097653307,0.9925461999020384,0.0083009151587523,0.99655502522086,0.1329655609197086,0.1247408203780651,0.0400241610264448,0.1781600460410118,0.0087820441462099,0.0081228734925389,0.0026847694678413,0.0123336476273834,0.0586718270348178,0.0565155390650033,0.0073554176144596,0.0692422337830066,0.7182095036212284,0.7244048021063184,0.0301793116429065,0.7524610053085183,0.115790671772427,0.0807435512542724,0.0924617112285963,0.2521099328994752,0.0292110337843885,0.0190420499154645,0.0246622038007575,0.0690930822528417,2.519053548402589,2.23606797749979,3.681625893580217,4.58257569495584,2.519053548402589,2.23606797749979,3.681625893580217,4.58257569495584,0.7498371049702176,0.7549498871442062,0.0429490753007063,0.7999408256769762,0.7941720316301392,0.8037143130311779,0.0551956828897427,0.8567858842234566,0.8657936102152759,0.8777612471244794,0.0475110010917779,0.9239872449228506,0.8573905717776598,0.8704674524331901,0.0558966379672348,0.9177583619765356,0.7553896630585725,0.7575881450434314,0.0977943329112431,0.8764218957778359,epoch_200.pth,200
100,10,90,0.0044977162103168,0.0044060756918042,0.0009074985182626,0.0060243900865316,0.0309001340158283,0.0310685504227876,0.0027253686753515,0.0345931831747293,0.7356585917902241,0.7349058334462428,0.017366929968675,0.7595731071387289,0.9880207923600074,0.9923659895012736,0.0110376729054628,0.9962547418671344,0.1426414378815227,0.1323410272598266,0.0510287756862968,0.2191191494464874,0.0091380191915151,0.0084166908636689,0.0030749360007369,0.0133614283055067,0.0585848891486724,0.0571255609393119,0.0086679002702614,0.070484022796154,0.7304232642158771,0.7361003206547474,0.0327827984233127,0.7645510169065195,0.1334869914584689,0.1049180030822753,0.111065341170814,0.2725979089736939,0.0338148825518473,0.0236641368723307,0.0306208374457295,0.0725778643132633,2.3960192825503297,1.7320508075688772,3.784938343528685,4.58257569495584,2.3960192825503297,1.7320508075688772,3.784938343528685,4.58257569495584,0.7355014676579319,0.7440124846746521,0.0419640756340502,0.7834787984520029,0.7934325994897266,0.7955589841625302,0.0583373791601866,0.8632755352613356,0.8484994774071394,0.8622615763991789,0.0579111525372764,0.913322343853514,0.8324856032373873,0.841172102573315,0.0684797367609585,0.91589118659388,0.7238340808198779,0.7189556822410712,0.1136874213808124,0.8837209301332252,epoch_210.pth,210
100,10,90,0.004424213792663,0.00430448516272,0.0009777549219966,0.0058814398944377,0.0314177802577614,0.0310739446431398,0.0030458559525505,0.0354522127658128,0.7311421905951656,0.7297554476163589,0.0158337107128717,0.7521412991235269,0.9901292994233544,0.9935987905060936,0.007939968544202,0.9962702265106578,0.132925486481852,0.1184778809547424,0.0428291258077579,0.2005771592259407,0.0087406884464952,0.007738301064819,0.0027427035625787,0.0120816106908023,0.0583070048027568,0.056650161743164,0.0073755756708082,0.0690921731293201,0.7245029399894028,0.7285620100320451,0.0277743973269487,0.7548698482749516,0.1386828740437825,0.1164913177490234,0.1153952212412606,0.3062258481979371,0.0354635628744215,0.0265396139385366,0.0324783669766248,0.0810889614645597,2.478405492320992,1.7320508075688772,3.8241564929144576,4.5933597014426,2.478405492320992,1.7320508075688772,3.8241564929144576,4.5933597014426,0.7452554111371766,0.7492277576380214,0.0411705709944692,0.7964996231254317,0.7991025277165529,0.8099336729410751,0.0557606008228857,0.863524380328996,0.865582681721087,0.876185165120017,0.048630885557919,0.923550046015592,0.8508332515600789,0.8604918612745491,0.0595605924097328,0.9205191826348303,0.7523616570477257,0.7664373699512228,0.1087061014657927,0.8870020963537104,epoch_220.pth,220
100,10,90,0.0041587233613245,0.0040541682392358,0.0008473385261416,0.0054603232536464,0.0305328721739351,0.030347398482263,0.0025890521706095,0.0339905124157667,0.7340625814207923,0.7335755632806568,0.0162037853030588,0.7538067033688745,0.9894033202450068,0.9937344340382142,0.010118439568132,0.9965237118593068,0.1378257611559497,0.1232186444103717,0.0457053769644692,0.2003587320446968,0.0086440747293333,0.0078186029568314,0.0025951641877691,0.0113537622615695,0.0578181735343403,0.0557137560099363,0.0071552477573298,0.0672093577682972,0.734531075128821,0.7384507881530967,0.028836781404199,0.7655997532201662,0.1271312952041626,0.1046420335769653,0.1056673092506682,0.2697943449020388,0.0318031484636364,0.0257043216879801,0.027376763131683,0.070586939535397,2.4316373384696184,2.23606797749979,3.673996592985832,4.58257569495584,2.4316373384696184,2.23606797749979,3.673996592985832,4.58257569495584,0.7495043078068253,0.755992083465537,0.0414404659280715,0.800683633713753,0.7928671627205994,0.8002431373207193,0.0590376738329538,0.8619450129460366,0.8612833804791843,0.8680511474153355,0.0531024528294315,0.9149774463727728,0.8483340308051196,0.8581005758255604,0.0585649580086881,0.9171334790708874,0.7478278566219275,0.7692630988161875,0.1116826402781673,0.8846153845303255,epoch_230.pth,230
100,10,90,0.0046006153943017,0.0043393156956881,0.0010309231404115,0.0062308915890753,0.0322657087817788,0.0321369543671608,0.003000479950956,0.0361184407025575,0.7236387677390829,0.7236381268195111,0.0169471378696315,0.7449695068326916,0.99044226014833,0.9929578137071888,0.0076300280158113,0.9964359033913772,0.1323775446249379,0.1200256198644638,0.0415035649896926,0.1911302551627159,0.0089645794489317,0.0084565347060561,0.0024183673743461,0.0117135170847177,0.0596889021909899,0.0576747488230466,0.0065483424773566,0.0670923091471195,0.715070878327418,0.7188896783417369,0.0248583624172871,0.7428318868952571,0.1248907089233398,0.105570912361145,0.1013094845703835,0.271209979057312,0.0315742367078307,0.025033170286575,0.0277305424539651,0.070407736629788,2.56047517291496,2.118033988749895,3.630055126608884,4.276634187902944,2.56047517291496,2.118033988749895,3.630055126608884,4.276634187902944,0.7432909074931616,0.7506309702560663,0.0385874639675209,0.7896704334272528,0.7912540430208982,0.7982070392702338,0.054616522632462,0.8584759601071584,0.8528678721004543,0.8590052171491391,0.0513029990512768,0.9142405296660658,0.833678804338905,0.8390214468561177,0.0649339101987515,0.9117156939266532,0.7193835363989167,0.735942420073058,0.1142485732890068,0.8548051947271142,epoch_240.pth,240
100,10,90,0.0043896450800821,0.0042042322456836,0.0008790448867972,0.0057873476762324,0.0317522119916975,0.031428875401616,0.0028901788213083,0.0358741227537393,0.7239891437870243,0.7222880153536481,0.0145785969635313,0.7413011703250515,0.9902387040936368,0.9937081431564444,0.0084424712235955,0.996340975297656,0.1352859433326456,0.1255876645445823,0.0412720998225497,0.1877631708979607,0.0089109739806089,0.0079212519340217,0.0026797681088841,0.0129269969649612,0.059271585692962,0.0573416054248809,0.0072459467718359,0.0682114377617836,0.7188801142061163,0.7237969560257911,0.0276776420716579,0.7556999211881237,0.1161507023705376,0.0923337936401367,0.0994636029759511,0.234575891494751,0.0290763161716924,0.0223368985989707,0.0251814996477907,0.0681934628443171,2.4022180565102,1.7320508075688772,3.637217124255351,4.58257569495584,2.4022180565102,1.7320508075688772,3.637217124255351,4.58257569495584,0.7511157725883946,0.7626786273718652,0.0456889339766928,0.8069442003758737,0.7929614032787713,0.7938174334349664,0.0551124551382788,0.8615154260552358,0.8565616687783972,0.8572556050053834,0.0499025077853247,0.9135307114402772,0.8391262219689366,0.8472154503519453,0.0608742776307422,0.906847746276231,0.7253794622182212,0.74596679907762,0.1102449511102494,0.864218455640532,epoch_250.pth,250
100,10,90,0.004302415549755,0.0040686731226742,0.0009253152857394,0.0057679397985339,0.0311979077756404,0.0307966340333223,0.0029855538471743,0.0354364398866891,0.7274709463058574,0.7275855824620794,0.0129493260967034,0.7436755430333565,0.9896343917683208,0.9926304397971296,0.0090218589116724,0.996035956089782,0.1394252487354808,0.1320156306028366,0.042985075016574,0.189401963353157,0.0088127682140717,0.0080938600003719,0.002780628978979,0.0119370032101869,0.0584896758198738,0.0568194556981325,0.0073200250626682,0.0675194054841995,0.721319431970913,0.7251811674409785,0.0275830873803889,0.7514107820123834,0.184682035446167,0.1493798494338989,0.133742509602642,0.3576639652252197,0.0467446618677888,0.0384865374057459,0.0366876564350228,0.0953573958137104,2.250839979427503,1.7320508075688772,3.6818394328423696,4.135059131767824,2.250839979427503,1.7320508075688772,3.6818394328423696,4.135059131767824,0.7396103277713569,0.7496090219452493,0.0422143811705198,0.7847086646067988,0.7996528834984392,0.8142711847650096,0.0604093013164862,0.8644550488931454,0.8659796891524603,0.8734959481479296,0.0518952650683076,0.9250448521271512,0.8526153885583475,0.8584040338945548,0.059978133770969,0.9213872832192412,0.7529973145053865,0.7846097201012672,0.1128986093737569,0.8863572432100929,epoch_260.pth,260
100,10,90,0.0043507460225373,0.004191264975816,0.0007986613378626,0.0053528501652181,0.0313702141307294,0.0312703475356102,0.0023383425626779,0.0344368934631347,0.726442892676825,0.7272467457052972,0.0158118738548017,0.746094279771268,0.9875817464125268,0.9921929183954424,0.0118439501691735,0.996683681616616,0.1543635235064559,0.1407818496227264,0.0576382873464076,0.2260458752512932,0.0090126604566143,0.0081441798247396,0.0024834970824621,0.0122928018681705,0.0611170225673251,0.0598395857959985,0.0067532734461952,0.0710032410919666,0.7089868767782244,0.7112251217940919,0.0263195107567301,0.7395828858789297,0.2076573212941487,0.1806883811950683,0.1467604469333016,0.4065218448638917,0.0540422415997156,0.0429286377439113,0.0429380313734415,0.1125995758376667,2.5215705412389227,1.9840593925343333,3.747223239354181,4.614216074016894,2.5215705412389227,1.9840593925343333,3.747223239354181,4.614216074016894,0.7305220605378319,0.7413538405451472,0.0409953376600821,0.7751950000026023,0.7819055052840458,0.7924975767369244,0.0630724543530964,0.8521757509060399,0.8553179059024372,0.8676193506864596,0.0596541132197424,0.9202580128435238,0.8438201874525852,0.8564156315002627,0.0645843237488296,0.919183889756348,0.7506784166535878,0.7750277468656712,0.1128006619391749,0.8865772652117009,epoch_270.pth,270
100,10,90,0.004277538054157,0.0040854543913155,0.000932102358511,0.0057062635663896,0.0303708403185009,0.0304512782022357,0.0026093752624584,0.0342726357281208,0.737325780189643,0.7374159274146,0.0160622137287112,0.7560928332325626,0.9903329564917344,0.993344946615606,0.0078064563929002,0.996700613322995,0.1298725196056895,0.1160621047019958,0.0433477628755354,0.192344756424427,0.0086442002302242,0.007691184291616,0.0027558980870967,0.0123833803460001,0.0575185840742455,0.0560280382633209,0.0079014030305815,0.0688914373517036,0.733793581860643,0.7383854339322686,0.0318406900836748,0.7702861595468158,0.1181014961666531,0.0870453119277954,0.1078049165970526,0.2841908454895019,0.0299629707094122,0.0210819269884148,0.0291770207873826,0.0712807248366812,2.426441237778791,2.23606797749979,3.729930685630302,4.58257569495584,2.426441237778791,2.23606797749979,3.729930685630302,4.58257569495584,0.7520199672142417,0.7555159747312563,0.0441136442708491,0.7980060583547431,0.7888774437895213,0.801055022036811,0.0582844374517496,0.8557804960110922,0.8669973627696528,0.8785122594421222,0.0538376710975837,0.9200895226619316,0.8566579171910905,0.870188625230295,0.0626244460438856,0.919598986435907,0.7659444017878511,0.7875850927955856,0.114700630332436,0.8950590761822839,epoch_280.pth,280
100,10,90,0.0039603601535782,0.0038050934672355,0.000765179554449,0.0050190827343612,0.0297115760482847,0.0297817038372159,0.0024120694681187,0.0329732842743396,0.7360511843365363,0.7349535320269385,0.0181330341436351,0.7599306310927885,0.9901256678620898,0.9931937768863172,0.0078487182553943,0.9961396167756492,0.1330035400059488,0.1217578127980232,0.0400868270071636,0.2013295501470565,0.0082343510817736,0.0073771551251411,0.0026742735718075,0.0118248894810676,0.0565591526114278,0.0550740808248519,0.0070679786469114,0.0648022003471851,0.7299023473378973,0.7341585065095071,0.0263473696237754,0.7589349585065243,0.1406385925081041,0.1142139434814453,0.1143438829337409,0.2930548191070556,0.0358358726498871,0.0263252573846018,0.0318957538394765,0.0774338338050909,2.291970820662096,1.5731321849709865,3.728595622052502,4.242640687119285,2.291970820662096,1.5731321849709865,3.728595622052502,4.242640687119285,0.7469571831370408,0.7556019348657002,0.0383518638091327,0.7882442735918741,0.8019561467728878,0.8163395956278638,0.0560545861131023,0.8659110488898282,0.8682835001692641,0.8871237962944013,0.0525888759472764,0.9272958030718036,0.8503465048596095,0.8576036866225116,0.0603412685057226,0.9190395846699538,0.7414995613030188,0.7545514729534912,0.1098273975600819,0.8712845137043879,epoch_290.pth,290
100,10,90,0.0041619763313792,0.0039970618672668,0.0008297703445466,0.0054608475416898,0.0303280828334391,0.0301918676123023,0.0026374661739725,0.0344196736812591,0.7349683777156938,0.7354720843123772,0.0168963000246226,0.7556115435114018,0.9900952761379688,0.9927304870002396,0.008207289560522,0.99682290526684,0.1362599743737114,0.1254842281341552,0.0444688999624118,0.1973471879959106,0.008502372359443,0.0077783614397048,0.0027427969290069,0.0118476989679038,0.0568140374703539,0.0549196451902389,0.0077918222929236,0.0678146481513977,0.730590033947543,0.7333284816432089,0.0318464136047651,0.7686672146615724,0.1323718282911512,0.0963165760040283,0.1139415398618475,0.2872989416122437,0.0329254629753862,0.023047305113411,0.0301652009080859,0.0703666982886889,2.376782005754833,1.7320508075688772,3.804356649861085,4.276634187902944,2.376782005754833,1.7320508075688772,3.804356649861085,4.276634187902944,0.7561431401872356,0.766382984782406,0.0450052389203652,0.8052327631399133,0.7954933257083445,0.7993181990659534,0.0588980488830734,0.8637425033332554,0.865583361430038,0.8776491389362968,0.0519519767586178,0.921382972718522,0.8570194550781077,0.8749020685915652,0.0609930069634522,0.9255375847332724,0.7681699237843926,0.778349514486403,0.109762352183877,0.8888888888134582,epoch_300.pth,300
